Jerry Carl,house
Barry Moore,house
Mike Rogers,house
Robert Aderholt,house
Dale Strong,house
Gary Palmer,house
Terri Sewell,house
Mary Peltola,house
David Schweikert,house
Eli Crane,house
Ruben Gallego,house
Greg Stanton,house
Andy Biggs,house
Juan Ciscomani,house
Raúl Grijalva,house
Debbie Lesko,house
Paul Gosar,house
Rick Crawford,house
French Hill,house
Steve Womack,house
Bruce Westerman,house
Doug LaMalfa,house
Jared Huffman,house
Kevin Kiley,house
Mike Thompson,house
Tom McClintock,house
Ami Bera,house
Doris Matsui,house
John Garamendi,house
Josh Harder,house
Mark DeSaulnier,house
Nancy Pelosi,house
Barbara Lee,house
John Duarte,house
Eric Swalwell,house
Kevin Mullin,house
Anna Eshoo,house
Ro Khanna,house
Zoe Lofgren,house
Jimmy Panetta,house
Kevin McCarthy,house
Jim Costa,house
David Valadao,house
Jay Obernolte,house
Salud Carbajal,house
Raul Ruiz,house
Julia Brownley,house
Mike Garcia,house
Judy Chu,house
Tony Cárdenas,house
Adam Schiff,house
Grace Napolitano,house
Brad Sherman,house
Pete Aguilar,house
Jimmy Gomez,house
Norma Torres,house
Ted Lieu,house
Sydney Kamlager-Dove,house
Linda Sánchez,house
Mark Takano,house
Young Kim,house
Ken Calvert,house
Robert Garcia,house
Maxine Waters,house
Nanette Barragán,house
Michelle Steel,house
Lou Correa,house
Katie Porter,house
Darrell Issa,house
Mike Levin,house
Scott Peters,house
Sara Jacobs,house
Juan Vargas,house
Diana DeGette,house
Joe Neguse,house
Lauren Boebert,house
Ken Buck,house
Doug Lamborn,house
Jason Crow,house
Brittany Pettersen,house
Yadira Caraveo,house
John B. Larson,house
Joe Courtney,house
Rosa DeLauro,house
Jim Himes,house
Jahana Hayes,house
Lisa Blunt Rochester,house
Matt Gaetz,house
Neal Dunn,house
Kat Cammack,house
Aaron Bean,house
John Rutherford,house
Michael Waltz,house
Cory Mills,house
Bill Posey,house
Darren Soto,house
Maxwell Frost,house
Daniel Webster,house
Gus Bilirakis,house
Anna Paulina Luna,house
Kathy Castor,house
Laurel Lee,house
Vern Buchanan,house
Greg Steube,house
Scott Franklin,house
Byron Donalds,house
Sheila Cherfilus-McCormick,house
Brian Mast,house
Lois Frankel,house
Jared Moskowitz,house
Frederica Wilson,house
Debbie Wasserman Schultz,house
Mario Díaz-Balart,house
María Elvira Salazar,house
Carlos Giménez,house
Buddy Carter,house
Sanford Bishop,house
Drew Ferguson,house
Hank Johnson,house
Nikema Williams,house
Rich McCormick,house
Lucy McBath,house
Austin Scott,house
Andrew Clyde,house
Mike Collins,house
Barry Loudermilk,house
Rick W. Allen,house
David Scott,house
Marjorie Taylor Greene,house
Ed Case,house
Jill Tokuda,house
Russ Fulcher,house
Mike Simpson,house
Jonathan Jackson,house
Robin Kelly,house
Delia Ramirez,house
Jesús Chuy García,house
Mike Quigley,house
Sean Casten,house
Danny K. Davis,house
Raja Krishnamoorthi,house
Jan Schakowsky,house
Brad Schneider,house
Bill Foster,house
Mike Bost,house
Nikki Budzinski,house
Lauren Underwood,house
Mary Miller,house
Darin LaHood,house
Eric Sorensen,house
Frank J. Mrvan,house
Rudy Yakym,house
Jim Banks,house
Jim Baird,house
Victoria Spartz,house
Greg Pence,house
André Carson,house
Larry Bucshon,house
Erin Houchin,house
Mariannette Miller-Meeks,house
Ashley Hinson,house
Zach Nunn,house
Randy Feenstra,house
Tracey Mann,house
Jake LaTurner,house
Sharice Davids,house
Ron Estes,house
James Comer,house
Brett Guthrie,house
Morgan McGarvey,house
Thomas Massie,house
Hal Rogers,house
Andy Barr,house
Steve Scalise,house
Troy Carter,house
Clay Higgins,house
Mike Johnson,house
Julia Letlow,house
Garret Graves,house
Chellie Pingree,house
Jared Golden,house
Andy Harris,house
Dutch Ruppersberger,house
John Sarbanes,house
Glenn Ivey,house
Steny Hoyer,house
David Trone,house
Kweisi Mfume,house
Jamie Raskin,house
Richard Neal,house
Jim McGovern,house
Lori Trahan,house
Jake Auchincloss,house
Katherine Clark,house
Seth Moulton,house
Ayanna Pressley,house
Stephen F. Lynch,house
Bill Keating,house
Jack Bergman,house
John Moolenaar,house
Hillary Scholten,house
Bill Huizenga,house
Tim Walberg,house
Debbie Dingell,house
Elissa Slotkin,house
Dan Kildee,house
Lisa McClain,house
John James,house
Haley Stevens,house
Rashida Tlaib,house
Shri Thanedar,house
Brad Finstad,house
Angie Craig,house
Dean Phillips,house
Betty McCollum,house
Ilhan Omar,house
Tom Emmer,house
Michelle Fischbach,house
Pete Stauber,house
Trent Kelly,house
Bennie Thompson,house
Michael Guest,house
Mike Ezell,house
Cori Bush,house
Ann Wagner,house
Blaine Luetkemeyer,house
Mark Alford,house
Emanuel Cleaver,house
Sam Graves,house
Eric Burlison,house
Jason Smith,house
Ryan Zinke,house
Matt Rosendale,house
Mike Flood,house
Don Bacon,house
Adrian Smith,house
Dina Titus,house
Mark Amodei,house
Susie Lee,house
Steven Horsford,house
Chris Pappas,house
Annie Kuster,house
Donald Norcross,house
Jeff Van Drew,house
Andy Kim,house
Chris Smith,house
Josh Gottheimer,house
Frank Pallone,house
Thomas Kean Jr.,house
Rob Menendez,house
Bill Pascrell,house
Donald Payne Jr.,house
Mikie Sherrill,house
Bonnie Watson Coleman,house
Melanie Stansbury,house
Gabe Vasquez,house
Teresa Leger Fernandez,house
Nick LaLota,house
Andrew Garbarino,house
George Santos,house
Anthony D'Esposito,house
Gregory Meeks,house
Grace Meng,house
Nydia Velázquez,house
Hakeem Jeffries,house
Yvette Clarke,house
Dan Goldman,house
Nicole Malliotakis,house
Jerry Nadler,house
Adriano Espaillat,house
Alexandria Ocasio-Cortez,house
Ritchie Torres,house
Jamaal Bowman,house
Mike Lawler,house
Pat Ryan,house
Marc Molinaro,house
Paul Tonko,house
Elise Stefanik,house
Brandon Williams,house
Nick Langworthy,house
Claudia Tenney,house
Joseph Morelle,house
Brian Higgins,house
Don Davis,house
Deborah Ross,house
Greg Murphy,house
Valerie Foushee,house
Virginia Foxx,house
Kathy Manning,house
David Rouzer,house
Dan Bishop,house
Richard Hudson,house
Patrick McHenry,house
Chuck Edwards,house
Alma Adams,house
Wiley Nickel,house
Jeff Jackson,house
Kelly Armstrong,house
Greg Landsman,house
Brad Wenstrup,house
Joyce Beatty,house
Jim Jordan,house
Bob Latta,house
Bill Johnson,house
Max Miller,house
Warren Davidson,house
Marcy Kaptur,house
Mike Turner,house
Shontel Brown,house
Troy Balderson,house
Emilia Sykes,house
David Joyce,house
Mike Carey,house
Kevin Hern,house
Josh Brecheen,house
Frank Lucas,house
Tom Cole,house
Stephanie Bice,house
Suzanne Bonamici,house
Cliff Bentz,house
Earl Blumenauer,house
Val Hoyle,house
Lori Chavez-DeRemer,house
Andrea Salinas,house
Brian Fitzpatrick,house
Brendan Boyle,house
Dwight Evans,house
Madeleine Dean,house
Mary Gay Scanlon,house
Chrissy Houlahan,house
Susan Wild,house
Matt Cartwright,house
Dan Meuser,house
Scott Perry,house
Lloyd Smucker,house
Summer Lee,house
John Joyce,house
Guy Reschenthaler,house
Glenn Thompson,house
Mike Kelly,house
Chris Deluzio,house
Vacant,house
Seth Magaziner,house
Nancy Mace,house
Joe Wilson,house
Jeff Duncan,house
William Timmons,house
Ralph Norman,house
Jim Clyburn,house
Russell Fry,house
Dusty Johnson,house
Diana Harshbarger,house
Tim Burchett,house
Chuck Fleischmann,house
Scott DesJarlais,house
Andy Ogles,house
John Rose,house
Mark E. Green,house
David Kustoff,house
Steve Cohen,house
Nathaniel Moran,house
Dan Crenshaw,house
Keith Self,house
Pat Fallon,house
Lance Gooden,house
Jake Ellzey,house
Lizzie Fletcher,house
Morgan Luttrell,house
Al Green,house
Michael McCaul,house
August Pfluger,house
Kay Granger,house
Ronny Jackson,house
Randy Weber,house
Monica De La Cruz,house
Veronica Escobar,house
Pete Sessions,house
Sheila Jackson Lee,house
Jodey Arrington,house
Joaquin Castro,house
Chip Roy,house
Troy Nehls,house
Tony Gonzales,house
Beth Van Duyne,house
Roger Williams,house
Michael C. Burgess,house
Michael Cloud,house
Henry Cuellar,house
Sylvia Garcia,house
Jasmine Crockett,house
John Carter,house
Colin Allred,house
Marc Veasey,house
Vicente Gonzalez,house
Greg Casar,house
Brian Babin,house
Lloyd Doggett,house
Wesley Hunt,house
Blake Moore,house
Vacant,house
John Curtis,house
Burgess Owens,house
Becca Balint,house
Rob Wittman,house
Jen Kiggans,house
Bobby Scott,house
Jennifer McClellan,house
Bob Good,house
Ben Cline,house
Abigail Spanberger,house
Don Beyer,house
Morgan Griffith,house
Jennifer Wexton,house
Gerry Connolly,house
Suzan DelBene,house
Rick Larsen,house
Marie Gluesenkamp Perez,house
Dan Newhouse,house
Cathy McMorris Rodgers,house
Derek Kilmer,house
Pramila Jayapal,house
Kim Schrier,house
Adam Smith,house
Marilyn Strickland,house
Carol Miller,house
Alex Mooney,house
Bryan Steil,house
Mark Pocan,house
Derrick Van Orden,house
Gwen Moore,house
Scott Fitzgerald,house
Glenn Grothman,house
Tom Tiffany,house
Mike Gallagher,house
Harriet Hageman,house
Tommy Tuberville,senate
Katie Britt,senate
Lisa Murkowski,senate
Dan Sullivan,senate
Kyrsten Sinema,senate
Mark Kelly,senate
John Boozman,senate
Tom Cotton,senate
Alex Padilla,senate
Laphonza Butler,senate
Michael Bennet,senate
John Hickenlooper,senate
Richard Blumenthal,senate
Chris Murphy,senate
Tom Carper,senate
Chris Coons,senate
Marco Rubio,senate
Rick Scott,senate
Jon Ossoff,senate
Raphael Warnock,senate
Brian Schatz,senate
Mazie Hirono,senate
Mike Crapo,senate
Jim Risch,senate
Dick Durbin,senate
Tammy Duckworth,senate
Todd Young,senate
Mike Braun,senate
Chuck Grassley,senate
Joni Ernst,senate
Jerry Moran,senate
Roger Marshall,senate
Mitch McConnell,senate
Rand Paul,senate
Bill Cassidy,senate
John Kennedy,senate
Susan Collins,senate
Angus King,senate
Ben Cardin,senate
Chris Van Hollen,senate
Elizabeth Warren,senate
Ed Markey,senate
Debbie Stabenow,senate
Gary Peters,senate
Amy Klobuchar,senate
Tina Smith,senate
Roger Wicker,senate
Cindy Hyde-Smith,senate
Josh Hawley,senate
Eric Schmitt,senate
Jon Tester,senate
Steve Daines,senate
Deb Fischer,senate
Pete Ricketts,senate
Catherine Cortez Masto,senate
Jacky Rosen,senate
Jeanne Shaheen,senate
Maggie Hassan,senate
Bob Menendez,senate
Cory Booker,senate
Martin Heinrich,senate
Ben Ray Luján,senate
Chuck Schumer,senate
Kirsten Gillibrand,senate
Thom Tillis,senate
Ted Budd,senate
John Hoeven,senate
Kevin Cramer,senate
Sherrod Brown,senate
J. D. Vance,senate
James Lankford,senate
Markwayne Mullin,senate
Ron Wyden,senate
Jeff Merkley,senate
Bob Casey Jr.,senate
John Fetterman,senate
Jack Reed,senate
Sheldon Whitehouse,senate
Lindsey Graham,senate
Tim Scott,senate
John Thune,senate
Mike Rounds,senate
Marsha Blackburn,senate
Bill Hagerty,senate
John Cornyn,senate
Ted Cruz,senate
Mike Lee,senate
Mitt Romney,senate
Bernie Sanders,senate
Peter Welch,senate
Mark Warner,senate
Tim Kaine,senate
Patty Murray,senate
Maria Cantwell,senate
Joe Manchin,senate
Shelley Moore Capito,senate
Ron Johnson,senate
Tammy Baldwin,senate
John Barrasso,senate
Cynthia Lummis,senate
